member,phi0,phi1,E0,H0,mean_p0,mean_p1,mean_p2,mean_p3,mean_p4,mean_Omega,max_rel_drift_E,max_abs_drift_H,max_abs_im
0,2.005089447237,5.422683052870,6.250000000000000e-1,5.237489660971841e-1,1.5451382685e-1,2.3246456464e-1,2.6821565903e-1,3.3471861159e-1,2.6003887599e-1,4.6683883013e1,5.162e-5,5.720e-5,1.029e0
1,0.278071182603,1.452908712972,6.250000000000000e-1,4.206563736201115e-1,1.9612630511e-1,2.5474436683e-1,2.4377273449e-1,2.6429669745e-1,2.9103200089e-1,4.8267324194e1,3.033e-5,3.379e-5,1.065e0
2,6.147028191847,6.213208906280,6.250000000000000e-1,1.304800073083269e-1,2.6324414195e-1,2.4246647058e-1,2.5248639559e-1,2.3539652885e-1,2.5639327888e-1,4.2987474797e1,1.401e-5,1.555e-5,1.063e0
3,5.771909988883,4.595682911134,6.250000000000000e-1,-2.785105853569012e-1,2.8531221446e-1,3.5731378743e-1,3.0904519558e-1,1.9904314504e-1,9.9282417710e-2,2.2407175355e1,3.397e-6,3.606e-6,1.068e0
4,3.628099836821,3.670790157372,6.250000000000000e-1,2.446948334532138e-1,2.4782764792e-1,2.3892401824e-1,2.3675643724e-1,2.2614035866e-1,3.0033524363e-1,4.8175216020e1,1.750e-5,1.947e-5,1.058e0
5,3.561139083822,1.064632191828,6.250000000000000e-1,1.418160333466462e-1,2.6200827343e-1,2.3667216838e-1,2.4410384765e-1,2.4538337347e-1,2.6181808054e-1,4.3922161515e1,1.522e-5,1.680e-5,1.098e0
6,4.687511965061,2.713636937826,6.250000000000000e-1,-1.546249195554662e-1,2.7703768420e-1,2.8921298396e-1,2.7340641622e-1,2.6000253222e-1,1.5033445084e-1,3.0467086879e1,6.279e-6,6.701e-6,1.077e0
7,5.170558127060,4.994868418097,6.250000000000000e-1,4.328740366582732e-1,2.2075378472e-1,2.5802021922e-1,2.4124518570e-1,2.6336609670e-1,2.6658526493e-1,4.5107007822e1,3.134e-5,3.428e-5,1.038e0
8,4.983246717842,3.748270460544,6.250000000000000e-1,6.245832518753791e-2,2.7138269400e-1,2.5293201392e-1,2.4591247404e-1,2.5328590564e-1,2.2647453819e-1,3.9702745036e1,1.304e-5,1.416e-5,1.063e0
9,3.089911328284,1.263619071953,6.250000000000000e-1,5.196508021216543e-1,1.5758249296e-1,2.3989508179e-1,2.6706990963e-1,3.2858948352e-1,2.5681631825e-1,4.6082492895e1,5.020e-5,5.544e-5,1.026e0
10,3.053973605309,2.308561804124,6.250000000000000e-1,3.356858258985159e-1,2.1798472014e-1,2.4016678666e-1,2.3250012439e-1,2.3533573992e-1,3.2399175885e-1,5.1451015739e1,2.262e-5,2.534e-5,1.065e0
11,1.630206621983,1.434648305124,6.250000000000000e-1,-4.538356063395008e-1,3.0257368062e-1,5.0422254532e-1,3.1849820174e-1,9.3668176298e-2,3.1036928704e-2,1.0677826061e1,5.004e-7,4.281e-7,1.007e0
12,0.296146860967,3.886583641089,6.250000000000000e-1,-4.605228191079418e-2,2.7982762592e-1,2.6140615371e-1,2.5445271328e-1,2.6301749226e-1,1.9128680166e-1,3.5599618191e1,9.803e-6,1.050e-5,1.069e0
13,4.994491645741,5.902754964313,6.250000000000000e-1,4.351417391978354e-1,2.0867729809e-1,2.4814154461e-1,2.4794158735e-1,2.7421440949e-1,2.7098960397e-1,4.6045684848e1,3.674e-5,4.181e-5,1.081e0
14,2.195461931855,2.246487777846,6.250000000000000e-1,-3.899656360872484e-1,2.8394983531e-1,4.4088397609e-1,3.2689226090e-1,1.4193156042e-1,5.6341274867e-2,1.5392374073e1,1.176e-6,1.087e-6,1.031e0
15,4.340810651468,2.067583033648,6.250000000000000e-1,-1.324249243454382e-1,2.7977166762e-1,2.9178910580e-1,2.6730137154e-1,2.5705267646e-1,1.5407861769e-1,3.0809623728e1,6.961e-6,7.451e-6,1.065e0
16,3.326693097401,2.122043895306,6.250000000000001e-1,5.218278835345337e-1,1.8228120638e-1,2.3448000644e-1,2.6343527241e-1,3.2518616683e-1,2.4457021482e-1,4.4378527631e1,5.003e-5,5.510e-5,1.034e0
17,0.657251238038,2.216992800778,6.250000000000000e-1,4.224362448510879e-1,2.0570321978e-1,2.4183564539e-1,2.3642950695e-1,2.7395361528e-1,2.9204770590e-1,4.8626581001e1,3.258e-5,3.632e-5,1.060e0
18,0.813339431607,3.404348375198,6.250000000000000e-1,5.193389740391147e-1,1.6875943467e-1,2.2624425254e-1,2.6899938272e-1,3.3384494786e-1,2.5210383280e-1,4.5641192214e1,5.150e-5,5.676e-5,1.028e0
19,4.804707695930,0.468053531218,6.250000000000000e-1,-1.098185456427843e-1,2.9530144734e-1,2.7507938197e-1,2.5592818172e-1,2.5938890043e-1,1.6429500422e-1,3.2075440295e1,7.511e-6,7.958e-6,1.100e0
20,3.367474635534,5.084915013509,6.250000000000000e-1,-4.684311586902555e-1,4.1323423363e-1,4.6349327677e-1,3.0341273802e-1,6.6327758168e-2,3.5319169329e-3,6.1354792033e0,8.527e-8,4.919e-8,1.008e0
21,4.900820714508,3.088700462935,6.250000000000000e-1,-1.783243461487906e-1,2.6780725769e-1,2.8963713870e-1,2.8929598765e-1,2.6153736309e-1,1.4171698373e-1,2.9536515343e1,5.791e-6,6.103e-6,1.074e0
22,4.599134226864,1.718620396921,6.250000000000000e-1,-4.353757538211827e-1,3.1975330690e-1,4.8038521471e-1,3.0872963839e-1,1.0308272792e-1,3.8048625429e-2,1.1759355538e1,5.533e-7,4.568e-7,1.027e0
23,1.677430851814,5.186111262318,6.250000000000000e-1,5.131366808875715e-1,1.6863463047e-1,2.4602599475e-1,2.6122406116e-1,3.1776725360e-1,2.5630050538e-1,4.5641178598e1,4.982e-5,5.588e-5,1.035e0
24,0.367504427336,1.074306834069,6.249999999999999e-1,1.964125884101223e-1,2.5781093668e-1,2.3302246616e-1,2.4038457338e-1,2.3230461760e-1,2.8646158783e-1,4.6618857993e1,1.691e-5,1.873e-5,1.075e0
25,0.764526799058,1.557134184198,6.250000000000001e-1,4.403844794057615e-2,2.7050216163e-1,2.5637169064e-1,2.4321019775e-1,2.5335726870e-1,2.2654679297e-1,3.9699098143e1,1.255e-5,1.348e-5,1.073e0
26,3.989889539375,5.702272156094,6.250000000000000e-1,-3.502509570127345e-1,2.7564161179e-1,4.0775842417e-1,3.2772425470e-1,1.6741077347e-1,7.1463233392e-2,1.8079570317e1,1.844e-6,1.883e-6,1.016e0
27,2.646261866830,0.182960067295,6.250000000000000e-1,4.910787727527968e-1,1.9514690282e-1,2.5044424292e-1,2.5586808536e-1,2.9980181317e-1,2.4870156335e-1,4.4072864751e1,4.037e-5,4.378e-5,1.017e0
28,3.017093169059,1.632232181881,6.250000000000000e-1,5.061004164991968e-1,1.6675061812e-1,2.2918680274e-1,2.5747006021e-1,3.2901191547e-1,2.6753730238e-1,4.7374665395e1,4.732e-5,5.237e-5,1.027e0
29,0.224589363661,4.272511293350,6.249999999999999e-1,-2.850724900051103e-1,2.8513614556e-1,3.5282660959e-1,3.2133398899e-1,1.9751060000e-1,9.3189756004e-2,2.1667521172e1,3.120e-6,3.318e-6,1.055e0
30,4.633262223933,6.204110921580,6.250000000000000e-1,-9.548209916466729e-3,2.7114705523e-1,2.5890129442e-1,2.5570188246e-1,2.6735801801e-1,1.9688167399e-1,3.6455302023e1,1.079e-5,1.166e-5,1.112e0
31,4.815210527862,1.929624135072,6.250000000000000e-1,-4.641450734390640e-1,2.8756006312e-1,5.1383965296e-1,3.3276334526e-1,8.9777590275e-2,2.6059015628e-2,1.0042002989e1,3.806e-7,3.015e-7,9.941e-1
32,4.796182964333,5.713202187607,6.250000000000000e-1,3.662461244184413e-1,2.2293923378e-1,2.4532755268e-1,2.2995629378e-1,2.3675642962e-1,3.1499794128e-1,5.0337717304e1,2.413e-5,2.695e-5,1.076e0
33,5.681450471812,4.579522473944,6.250000000000000e-1,-2.097975228501629e-1,2.6249116372e-1,3.1165426216e-1,2.9324799671e-1,2.4937168971e-1,1.3323038068e-1,2.8133920878e1,4.937e-6,5.111e-6,1.050e0
34,5.148022496748,1.457813818667,6.250000000000000e-1,-2.467441476837530e-1,2.7292067740e-1,3.2877926224e-1,3.1236726741e-1,2.2369618035e-1,1.1223279470e-1,2.4817032495e1,4.098e-6,4.447e-6,1.055e0
35,0.156101783916,2.316805737191,6.250000000000000e-1,4.836863129703284e-1,1.7522648804e-1,2.4535647099e-1,2.5131144939e-1,3.0627330288e-1,2.7178901875e-1,4.7178557874e1,4.556e-5,5.135e-5,1.045e0
36,4.716156504434,2.740639956583,6.250000000000000e-1,-1.686109761340986e-1,2.7394422471e-1,2.9794966967e-1,2.7372770224e-1,2.6224426832e-1,1.4212854024e-1,2.9506962807e1,5.919e-6,6.162e-6,1.076e0
37,4.942912235636,0.268669232502,6.250000000000000e-1,1.255964280890291e-1,2.7692366315e-1,2.3603827348e-1,2.4014871079e-1,2.3810041069e-1,2.5877535464e-1,4.3274186601e1,1.447e-5,1.568e-5,1.093e0
38,5.641395002894,0.854937266904,6.250000000000000e-1,4.515641570779895e-1,2.1182822463e-1,2.4589758275e-1,2.4340385934e-1,2.8059235213e-1,2.6824424782e-1,4.5859159141e1,3.575e-5,3.949e-5,1.048e0
39,2.594789936745,3.698947420570,6.250000000000000e-1,-4.683942984938806e-1,4.1524683110e-1,4.6170955612e-1,3.0371805000e-1,6.6421005748e-2,2.9044807539e-3,6.0580326483e0,8.214e-8,5.390e-8,1.009e0
40,0.460483140207,4.049975952374,6.250000000000000e-1,3.629132479239475e-2,2.6697547224e-1,2.4487930377e-1,2.5540710764e-1,2.6237172794e-1,2.2035532934e-1,3.9267880654e1,1.202e-5,1.299e-5,1.061e0
41,5.132263096710,6.005892001473,6.249999999999999e-1,4.794037775956289e-1,1.8505263125e-1,2.1438525348e-1,2.4728753649e-1,3.2258281490e-1,2.8064869960e-1,4.8745280741e1,4.552e-5,5.088e-5,1.060e0
42,5.919189035515,5.503387002079,6.250000000000000e-1,4.108704077392306e-3,2.8365149666e-1,2.5104171876e-1,2.5055673368e-1,2.6019409626e-1,2.0454560597e-1,3.7156411700e1,1.104e-5,1.193e-5,1.083e0
43,1.199698281507,2.582567008290,6.250000000000000e-1,1.210739455055588e-1,2.6258771378e-1,2.4790312983e-1,2.4684780248e-1,2.4008765540e-1,2.5256025405e-1,4.2612400028e1,1.432e-5,1.585e-5,1.087e0
44,4.146072397362,4.617885965765,6.250000000000000e-1,2.839159683253450e-1,2.5017498441e-1,2.3964494656e-1,2.4158968838e-1,2.1987243898e-1,2.9870010919e-1,4.7806626916e1,1.873e-5,2.055e-5,1.069e0
45,0.661671784005,4.632954872076,6.250000000000000e-1,-5.361461517605812e-2,2.7334493592e-1,2.6660633863e-1,2.5828639791e-1,2.6479167004e-1,1.8696147730e-1,3.5140578864e1,9.761e-6,1.040e-5,1.071e0
46,2.549300466490,5.374893016860,6.250000000000000e-1,1.663951220114295e-1,2.5890664113e-1,2.4172029149e-1,2.4148842414e-1,2.4219434434e-1,2.6567557344e-1,4.4301493716e1,1.580e-5,1.766e-5,1.079e0
47,6.199168007376,5.478359430297,6.250000000000000e-1,-2.673093342819239e-1,2.6767417034e-1,3.5106144495e-1,3.1994948237e-1,2.0930193857e-1,1.0200943575e-1,2.3150425645e1,3.738e-6,3.962e-6,1.048e0
48,4.156563054339,3.023019926062,6.250000000000000e-1,4.488557485887846e-1,1.9071425070e-1,2.5617222231e-1,2.4493794934e-1,2.7764592238e-1,2.8049581854e-1,4.7355339455e1,3.594e-5,4.019e-5,1.034e0
49,5.782003052758,5.103147287447,6.250000000000000e-1,-5.837009467495558e-2,2.6653513877e-1,2.6859487752e-1,2.5875782092e-1,2.7522056270e-1,1.8088304049e-1,3.4700607080e1,9.053e-6,9.631e-6,1.088e0
50,5.580602027269,0.046990154078,6.250000000000000e-1,5.264852860373248e-1,1.6907380207e-1,2.3262635901e-1,2.6322947186e-1,3.3402729376e-1,2.5099304081e-1,4.5471608017e1,5.322e-5,5.915e-5,1.015e0
51,0.743569564030,1.021754077647,6.250000000000000e-1,-1.943834672784901e-1,2.8188513797e-1,3.1012128791e-1,2.8137966022e-1,2.4130519746e-1,1.3530371653e-1,2.8052864461e1,5.272e-6,5.549e-6,1.069e0
52,2.014754370530,5.722756134282,6.250000000000000e-1,5.262561156576974e-1,1.5044472648e-1,2.2289210490e-1,2.7257604131e-1,3.4358618979e-1,2.6045203717e-1,4.7034233735e1,5.264e-5,5.829e-5,1.036e0
53,4.791375920907,5.644806807784,6.250000000000000e-1,3.874050016310553e-1,2.2747842957e-1,2.4331700488e-1,2.3542669436e-1,2.4807857487e-1,2.9567459556e-1,4.8268649407e1,2.669e-5,2.939e-5,1.081e0
54,0.569679949647,4.732379589260,6.250000000000000e-1,-1.881250307780375e-1,2.7240137010e-1,3.0754831013e-1,2.8622838725e-1,2.4678673962e-1,1.3703034352e-1,2.8478184042e1,5.246e-6,5.613e-6,1.053e0
55,0.208754096175,2.477742987222,6.250000000000000e-1,4.712984954742441e-1,1.8714463304e-1,2.3770191958e-1,2.4270287303e-1,3.0344806430e-1,2.7896398959e-1,4.7928327866e1,4.157e-5,4.631e-5,1.051e0
56,0.138653306370,1.123107060768,6.250000000000000e-1,4.042510774477503e-1,2.1630704369e-1,2.4062498048e-1,2.2991363161e-1,2.6121202614e-1,3.0191495547e-1,4.9432611672e1,2.954e-5,3.323e-5,1.096e0
57,5.789827224761,3.430293372389,6.250000000000000e-1,-4.483458770990588e-1,3.2952127102e-1,4.9330452401e-1,2.9387309801e-1,9.7920939988e-2,3.5379650361e-2,1.1164419793e1,5.521e-7,4.693e-7,1.008e0
58,1.613851955248,5.403186459061,6.250000000000000e-1,4.413402611482597e-1,1.9432671746e-1,2.4262205800e-1,2.4270498167e-1,2.8379122494e-1,2.8652169161e-1,4.8280143052e1,3.576e-5,4.018e-5,1.070e0
59,3.325597291865,5.731304788911,6.250000000000000e-1,-3.677674253425441e-1,2.6941799235e-1,4.2127502620e-1,3.3834984836e-1,1.5487185615e-1,6.6083695193e-2,1.7098670217e1,1.704e-6,1.695e-6,1.031e0
60,6.055523722527,5.928464857778,6.250000000000000e-1,8.021655364620831e-2,2.5750321587e-1,2.4173725167e-1,2.5524551743e-1,2.5836053639e-1,2.3714068967e-1,4.1275735693e1,1.384e-5,1.497e-5,1.098e0
61,0.919992292609,4.818828629802,6.250000000000000e-1,1.110155515936077e-1,2.6699958318e-1,2.3781019757e-1,2.5263281107e-1,2.4644391268e-1,2.4610019237e-1,4.2017212505e1,1.418e-5,1.563e-5,1.097e0
62,0.394241984380,0.012875143616,6.250000000000000e-1,-3.200754515641073e-1,2.7869575826e-1,3.8091976555e-1,3.2527764835e-1,1.8317451166e-1,8.1929973922e-2,1.9852029632e1,2.528e-6,2.601e-6,1.019e0
63,4.251533897953,1.676558013421,6.250000000000000e-1,-2.284922882916760e-1,2.8175047376e-1,3.1742637390e-1,3.0053085709e-1,2.2882456448e-1,1.2146344782e-1,2.6049682225e1,4.510e-6,4.834e-6,1.048e0
