nu,profile,ref_sup_omega_max,ref_E_final,crate_sup_omega_max,crate_E_final,crate_steps,crate_wall_s,cvode_sup_omega_max_sampled,cvode_E_final,cvode_steps,cvode_rhs_evals,cvode_wall_s
0.1,P1,5.41645135476036876e-1,2.38201815569275910e-3,5.41645135476036876e-1,2.38201815569275867e-3,680960,2.116,5.41645113332613337e-1,2.38201815566043080e-3,132067,300845,0.714
0.1,P2,8.75384178518084366e-1,2.20609048455848141e-3,8.75384178518084366e-1,2.20609048455848141e-3,680960,2.324,8.75384160274762291e-1,2.20609048461250720e-3,133962,307513,0.794
0.1,P3,9.01110473970410331e-1,2.09758266989340265e-3,9.01110473970410331e-1,2.09758266989340265e-3,680960,2.294,9.01110410752254953e-1,2.09758266989290261e-3,128354,292007,0.592
0.01,P1,6.66263330209753679e0,1.14640657279371592e-2,6.66263330209753679e0,1.14640657279371609e-2,91136,0.305,6.66263181108401792e0,1.14640657279179558e-2,117098,258225,0.546
0.01,P2,7.86523923157201477e0,1.06976212992246581e-2,7.86523923157201477e0,1.06976212992246598e-2,91136,0.285,7.86523897204122946e0,1.06976212993687807e-2,123785,275087,0.544
0.01,P3,9.80489376020157266e0,1.03435022620711539e-2,9.80489376020157266e0,1.03435022620711522e-2,91136,0.256,9.80489384293258048e0,1.03435022620614898e-2,120310,266112,0.571
0.001,P1,7.08795916147694243e1,1.75400180475292176e-2,7.08795916147694243e1,1.75400180475292142e-2,32154,0.093,7.08796363382370771e1,1.75400180474727732e-2,120581,266635,1.096
0.001,P2,7.35174811306847573e1,1.64518111791232546e-2,7.35174811306847573e1,1.64518111791232546e-2,32154,0.096,7.35174824261144693e1,1.64518111791638576e-2,120227,265502,0.558
0.001,P3,1.15758633514117449e2,1.59571129504141110e-2,1.15758633514117449e2,1.59571129504141075e-2,32154,0.152,1.15758531287112092e2,1.59571129504306707e-2,121290,268522,0.577
