n,k,a,flux,diss_cum,residual
0,1.0,1.12195806566117917e0,1.12069927576007711e0,1.25878990110217482e-3,-2.220446e-16
1,2.0,8.90298909118044324e-1,1.11752874716976169e0,4.42931849140929413e-3,9.429089e-15
2,4.0,7.04947907163650744e-1,1.10957752234069096e0,1.23805433204398734e-2,5.723026e-14
3,8.0,5.58191999949256501e-1,1.08963651057773192e0,3.23215550841103247e-2,-1.274640e-12
4,16.0,4.37143921679194747e-1,1.04071623967122528e0,8.12418259989432096e-2,-1.904674e-11
5,32.0,3.40379550712806733e-1,9.22077403428708142e-1,1.99880662267438225e-1,-7.632051e-11
6,64.0,2.48708414864603766e-1,6.68715736879876177e-1,4.53242328825242180e-1,-3.607425e-11
7,128.0,1.68919820199192744e-1,2.01216226566867634e-1,9.20741839095236880e-1,2.546399e-10
8,256.0,5.50924149325512647e-2,2.30305128447344737e-3,1.11965501435890458e0,3.399117e-10
9,512.0,2.96401245439719286e-3,1.92956807610650225e-8,1.12195804634757335e0,4.180623e-11
10,1024.0,4.28973136207973442e-6,8.46565162655211732e-20,1.12195806564325418e0,1.248402e-13
11,2048.0,4.49262577113113652e-12,1.01845298359589516e-43,1.12195806564325418e0,2.634934e-19
12,4096.0,2.46382889639773517e-24,9.21259939248043341e-93,1.12195806564325418e0,2.895696e-31
13,8192.0,3.70511037030225156e-49,4.71134173705075061e-192,1.12195806564325418e0,8.713217e-56
14,16384.0,4.18940516848670379e-99,0.00000000000000000e0,1.12195806564325418e0,1.970797e-105
15,32768.0,2.67808771754878685e-199,0.00000000000000000e0,1.12195806564325418e0,2.519539e-205
16,65536.0,0.00000000000000000e0,0.00000000000000000e0,1.12195806564325418e0,0.000000e0
17,131072.0,0.00000000000000000e0,0.00000000000000000e0,1.12195806564325418e0,0.000000e0
18,262144.0,0.00000000000000000e0,0.00000000000000000e0,1.12195806564325418e0,0.000000e0
19,524288.0,0.00000000000000000e0,0.00000000000000000e0,1.12195806564325418e0,0.000000e0
20,1048576.0,0.00000000000000000e0,0.00000000000000000e0,1.12195806564325418e0,0.000000e0
21,2097152.0,0.00000000000000000e0,0.00000000000000000e0,1.12195806564325418e0,0.000000e0
22,4194304.0,0.00000000000000000e0,0.00000000000000000e0,1.12195806564325418e0,0.000000e0
23,8388608.0,0.00000000000000000e0,0.00000000000000000e0,1.12195806564325418e0,0.000000e0
24,16777216.0,0.00000000000000000e0,0.00000000000000000e0,1.12195806564325418e0,0.000000e0
25,33554432.0,0.00000000000000000e0,0.00000000000000000e0,1.12195806564325418e0,0.000000e0
26,67108864.0,0.00000000000000000e0,0.00000000000000000e0,1.12195806564325418e0,0.000000e0
27,134217728.0,0.00000000000000000e0,0.00000000000000000e0,1.12195806564325418e0,0.000000e0
28,268435456.0,0.00000000000000000e0,0.00000000000000000e0,1.12195806564325418e0,0.000000e0
