t,E,Omega,injection,dissipation,flux_seam0,flux_seam_mid
0.500000,1.248268352982089e-1,1.274128498184665e-1,4.979256016026176e-1,2.548256996369331e-9,1.029343610509654e-2,0.000000000000000e0
1.000000,4.893357684505456e-1,6.434654510699066e-1,9.377553194492406e-1,1.286930902139813e-8,2.758804381712834e-1,0.000000000000000e0
1.500000,1.021494060278922e0,2.986534042709265e0,1.138709716393524e0,5.973068085418530e-8,1.021198751081736e0,0.000000000000000e0
2.000000,1.592309612958382e0,8.054210458063613e1,1.134805963435769e0,1.610842091612723e-6,1.171571222694270e0,0.000000000000000e0
2.500000,1.730232665489760e0,5.933095641730645e7,1.125065054076740e0,1.186619128346129e0,1.135632338243612e0,1.177566590927023e0
3.000000,1.709344839876777e0,5.728285996589396e7,1.122743521304601e0,1.145657199317879e0,1.124597324077035e0,1.136816130015743e0
3.500000,1.703271490324471e0,5.636776356024671e7,1.122423695417604e0,1.127355271204934e0,1.122529986743558e0,1.118646492511439e0
4.000000,1.702190945204176e0,5.614959364236990e7,1.122432755179668e0,1.122991872847398e0,1.122370911034214e0,1.114318281289212e0
4.500000,1.702126164874335e0,5.611946872912922e7,1.122453426058633e0,1.122389374582584e0,1.122425102792225e0,1.113721460476864e0
5.000000,1.702161248080962e0,5.612033686559843e7,1.122460468053066e0,1.122406737311969e0,1.122453490578096e0,1.113738980576344e0
5.500000,1.702177561393541e0,5.612229063804506e7,1.122461913463500e0,1.122445812760901e0,1.122460898875527e0,1.113777804775574e0
6.000000,1.702181600996552e0,5.612295523924452e7,1.122462058140054e0,1.122459104784890e0,1.122462058036711e0,1.113790996739487e0
6.500000,1.702182188117649e0,5.612309139798452e7,1.122462032505545e0,1.122461827959691e0,1.122462078731798e0,1.113793697089433e0
7.000000,1.702182183381480e0,5.612310505141308e7,1.122462015314633e0,1.122462101028262e0,1.122462023465783e0,1.113793967254145e0
7.500000,1.702182149742549e0,5.612310262603277e7,1.122462010443414e0,1.122462052520655e0,1.122462002201221e0,1.113793918928959e0
8.000000,1.702182137815840e0,5.612310101385434e7,1.122462009603475e0,1.122462020277087e0,1.122461997471504e0,1.113793886907549e0
8.500000,1.702182135385585e0,5.612310057522526e7,1.122462009562179e0,1.122462011504505e0,1.122461996919000e0,1.113793878203304e0
9.000000,1.702182135253738e0,5.612310051532232e7,1.122462009602909e0,1.122462010306446e0,1.122461997025049e0,1.113793877015491e0
9.500000,1.702182134147088e0,5.612310035807177e7,1.122462009535049e0,1.122462007161436e0,1.122461996618651e0,1.113793873884823e0
10.000000,1.702182134925003e0,5.612310044876111e7,1.122462009604726e0,1.122462008975222e0,1.122461996974050e0,1.113793875694779e0
10.500000,1.702182135081811e0,5.612310047748491e7,1.122462009618305e0,1.122462009549698e0,1.122461997043842e0,1.113793876229716e0
11.000000,1.702182135113148e0,5.612310048627599e7,1.122462009606677e0,1.122462009725520e0,1.122461997012381e0,1.113793876436448e0
11.500000,1.702182135126766e0,5.612310048629460e7,1.122462009607751e0,1.122462009725892e0,1.122461997018481e0,1.113793876440376e0
12.000000,1.702182135081921e0,5.612310048030582e7,1.122462009604512e0,1.122462009606116e0,1.122461997000367e0,1.113793876321621e0
12.500000,1.702182135078999e0,5.612310047890490e7,1.122462009605443e0,1.122462009578098e0,1.122461997002839e0,1.113793876293892e0
13.000000,1.702182135089309e0,5.612310048017934e7,1.122462009606386e0,1.122462009603587e0,1.122461997007579e0,1.113793876319207e0
13.500000,1.702182135089602e0,5.612310048032190e7,1.122462009606267e0,1.122462009606438e0,1.122461997007251e0,1.113793876322051e0
14.000000,1.702182135088205e0,5.612310048006538e7,1.122462009606128e0,1.122462009601308e0,1.122461997006646e0,1.113793876316926e0
14.500000,1.702182135090636e0,5.612310048049075e7,1.122462009606189e0,1.122462009609815e0,1.122461997007165e0,1.113793876325748e0
15.000000,1.702182135089908e0,5.612310048033158e7,1.122462009606155e0,1.122462009606632e0,1.122461997006967e0,1.113793876322420e0
15.500000,1.702182135090053e0,5.612310048014449e7,1.122462009606179e0,1.122462009602890e0,1.122461997007083e0,1.113793876318849e0
16.000000,1.702182135089833e0,5.612310048034622e7,1.122462009606157e0,1.122462009606924e0,1.122461997006954e0,1.113793876322694e0
16.500000,1.702182135089481e0,5.612310048020899e7,1.122462009606118e0,1.122462009604180e0,1.122461997006758e0,1.113793876320419e0
17.000000,1.702182135088917e0,5.612310047861519e7,1.122462009606186e0,1.122462009572304e0,1.122461997007096e0,1.113793876289351e0
17.500000,1.702182135090203e0,5.612310048200534e7,1.122462009606155e0,1.122462009640107e0,1.122461997006938e0,1.113793876353891e0
18.000000,1.702182135089785e0,5.612310048201390e7,1.122462009606155e0,1.122462009640278e0,1.122461997006941e0,1.113793876353167e0
18.500000,1.702182135090349e0,5.612310048088240e7,1.122462009606156e0,1.122462009617648e0,1.122461997006948e0,1.113793876333211e0
19.000000,1.702182135088385e0,5.612310047872399e7,1.122462009606156e0,1.122462009574480e0,1.122461997006939e0,1.113793876291270e0
19.500000,1.702182135091003e0,5.612310047983690e7,1.122462009606159e0,1.122462009596738e0,1.122461997006962e0,1.113793876313719e0
20.000000,1.702182135090829e0,5.612310048412514e7,1.122462009606157e0,1.122462009682503e0,1.122461997006949e0,1.113793876393516e0
20.500000,1.702182135089891e0,5.612310048058264e7,1.122462009606156e0,1.122462009611653e0,1.122461997006947e0,1.113793876327171e0
21.000000,1.702182135088857e0,5.612310047847376e7,1.122462009606156e0,1.122462009569475e0,1.122461997006945e0,1.113793876286856e0
21.500000,1.702182135087471e0,5.612310047533292e7,1.122462009606157e0,1.122462009506658e0,1.122461997006946e0,1.113793876226568e0
22.000000,1.702182135088855e0,5.612310047831841e7,1.122462009606156e0,1.122462009566368e0,1.122461997006946e0,1.113793876283832e0
22.500000,1.702182135088912e0,5.612310047834416e7,1.122462009606156e0,1.122462009566883e0,1.122461997006947e0,1.113793876284410e0
23.000000,1.702182135090820e0,5.612310048265585e7,1.122462009606156e0,1.122462009653117e0,1.122461997006947e0,1.113793876366844e0
23.500000,1.702182135094125e0,5.612310049018438e7,1.122462009606156e0,1.122462009803688e0,1.122461997006947e0,1.113793876510658e0
24.000000,1.702182135091340e0,5.612310048388422e7,1.122462009606156e0,1.122462009677684e0,1.122461997006947e0,1.113793876390275e0
24.500000,1.702182135090096e0,5.612310048103581e7,1.122462009606156e0,1.122462009620716e0,1.122461997006947e0,1.113793876335858e0
25.000000,1.702182135089481e0,5.612310047964149e7,1.122462009606156e0,1.122462009592830e0,1.122461997006947e0,1.113793876309204e0
25.500000,1.702182135089940e0,5.612310048065440e7,1.122462009606156e0,1.122462009613088e0,1.122461997006946e0,1.113793876328559e0
26.000000,1.702182135089772e0,5.612310048033386e7,1.122462009606156e0,1.122462009606677e0,1.122461997006947e0,1.113793876322400e0
26.500000,1.702182135090485e0,5.612310048110192e7,1.122462009606157e0,1.122462009622039e0,1.122461997006946e0,1.113793876338267e0
27.000000,1.702182135087800e0,5.612310047572306e7,1.122462009606157e0,1.122462009514461e0,1.122461997006947e0,1.113793876234629e0
27.500000,1.702182135091816e0,5.612310048494066e7,1.122462009606157e0,1.122462009698813e0,1.122461997006948e0,1.113793876410528e0
28.000000,1.702182135089560e0,5.612310047986712e7,1.122462009606157e0,1.122462009597343e0,1.122461997006947e0,1.113793876313384e0
28.500000,1.702182135090088e0,5.612310048101729e7,1.122462009606156e0,1.122462009620346e0,1.122461997006947e0,1.113793876335511e0
29.000000,1.702182135089783e0,5.612310048032717e7,1.122462009606156e0,1.122462009606543e0,1.122461997006947e0,1.113793876322318e0
29.500000,1.702182135088535e0,5.612310047748552e7,1.122462009606156e0,1.122462009549710e0,1.122461997006947e0,1.113793876268012e0
30.000000,1.702182135089358e0,5.612310047936150e7,1.122462009606156e0,1.122462009587230e0,1.122461997006946e0,1.113793876303864e0
30.500000,1.702182135094892e0,5.612310049193952e7,1.122462009606157e0,1.122462009838791e0,1.122461997006948e0,1.113793876544271e0
31.000000,1.702182135089922e0,5.612310048064396e7,1.122462009606157e0,1.122462009612879e0,1.122461997006947e0,1.113793876328367e0
31.500000,1.702182135093199e0,5.612310048806929e7,1.122462009606157e0,1.122462009761386e0,1.122461997006947e0,1.113793876470298e0
32.000000,1.702182135086117e0,5.612310047199854e7,1.122462009606157e0,1.122462009439971e0,1.122461997006947e0,1.113793876163134e0
32.500000,1.702182135091048e0,5.612310048320122e7,1.122462009606157e0,1.122462009664025e0,1.122461997006947e0,1.113793876377245e0
33.000000,1.702182135088385e0,5.612310047715579e7,1.122462009606157e0,1.122462009543116e0,1.122461997006947e0,1.113793876261698e0
33.500000,1.702182135088193e0,5.612310047670600e7,1.122462009606157e0,1.122462009534120e0,1.122461997006947e0,1.113793876253111e0
34.000000,1.702182135089846e0,5.612310048047037e7,1.122462009606157e0,1.122462009609407e0,1.122461997006947e0,1.113793876325051e0
34.500000,1.702182135089973e0,5.612310048077296e7,1.122462009606157e0,1.122462009615459e0,1.122461997006947e0,1.113793876330831e0
35.000000,1.702182135089671e0,5.612310048007941e7,1.122462009606157e0,1.122462009601588e0,1.122461997006947e0,1.113793876317579e0
35.500000,1.702182135089786e0,5.612310048033025e7,1.122462009606157e0,1.122462009606605e0,1.122461997006947e0,1.113793876322373e0
36.000000,1.702182135090031e0,5.612310048088871e7,1.122462009606156e0,1.122462009617774e0,1.122461997006947e0,1.113793876333047e0
36.500000,1.702182135090010e0,5.612310048082414e7,1.122462009606157e0,1.122462009616483e0,1.122461997006945e0,1.113793876331820e0
37.000000,1.702182135088861e0,5.612310047828580e7,1.122462009606157e0,1.122462009565716e0,1.122461997006951e0,1.113793876283283e0
37.500000,1.702182135089555e0,5.612310047981183e7,1.122462009606156e0,1.122462009596237e0,1.122461997006946e0,1.113793876312480e0
38.000000,1.702182135087921e0,5.612310047633310e7,1.122462009606157e0,1.122462009526662e0,1.122461997006949e0,1.113793876245674e0
38.500000,1.702182135090794e0,5.612310048261470e7,1.122462009606156e0,1.122462009652294e0,1.122461997006946e0,1.113793876366025e0
39.000000,1.702182135091205e0,5.612310048370900e7,1.122462009606156e0,1.122462009674180e0,1.122461997006946e0,1.113793876386787e0
39.500000,1.702182135089570e0,5.612310047980010e7,1.122462009606156e0,1.122462009596002e0,1.122461997006948e0,1.113793876312245e0
40.000000,1.702182135089831e0,5.612310048042645e7,1.122462009606156e0,1.122462009608529e0,1.122461997006947e0,1.113793876324216e0
40.500000,1.702182135089277e0,5.612310047918057e7,1.122462009606156e0,1.122462009583612e0,1.122461997006947e0,1.113793876300403e0
41.000000,1.702182135089659e0,5.612310048005569e7,1.122462009606156e0,1.122462009601114e0,1.122461997006947e0,1.113793876317124e0
41.500000,1.702182135091388e0,5.612310048397491e7,1.122462009606157e0,1.122462009679498e0,1.122461997006947e0,1.113793876392023e0
42.000000,1.702182135092659e0,5.612310048686630e7,1.122462009606157e0,1.122462009737326e0,1.122461997006947e0,1.113793876447298e0
42.500000,1.702182135088786e0,5.612310047806691e7,1.122462009606157e0,1.122462009561338e0,1.122461997006947e0,1.113793876279127e0
43.000000,1.702182135089784e0,5.612310048033158e7,1.122462009606157e0,1.122462009606632e0,1.122461997006947e0,1.113793876322397e0
43.500000,1.702182135089796e0,5.612310048035447e7,1.122462009606157e0,1.122462009607089e0,1.122461997006949e0,1.113793876322838e0
44.000000,1.702182135090129e0,5.612310048114230e7,1.122462009606157e0,1.122462009622846e0,1.122461997006950e0,1.113793876337882e0
44.500000,1.702182135089215e0,5.612310047884884e7,1.122462009606156e0,1.122462009576977e0,1.122461997006937e0,1.113793876294169e0
45.000000,1.702182135091188e0,5.612310048357703e7,1.122462009606159e0,1.122462009671541e0,1.122461997006960e0,1.113793876384376e0
45.500000,1.702182135087871e0,5.612310047606395e7,1.122462009606157e0,1.122462009521279e0,1.122461997006950e0,1.113793876240977e0
46.000000,1.702182135093678e0,5.612310048878486e7,1.122462009606157e0,1.122462009775697e0,1.122461997006946e0,1.113793876484442e0
46.500000,1.702182135089148e0,5.612310047885310e7,1.122462009606157e0,1.122462009577062e0,1.122461997006948e0,1.113793876294179e0
47.000000,1.702182135090359e0,5.612310048157147e7,1.122462009606157e0,1.122462009631430e0,1.122461997006948e0,1.113793876346109e0
47.500000,1.702182135089828e0,5.612310048043867e7,1.122462009606157e0,1.122462009608773e0,1.122461997006947e0,1.113793876324443e0
48.000000,1.702182135089557e0,5.612310047976288e7,1.122462009606155e0,1.122462009595258e0,1.122461997006943e0,1.113793876311512e0
48.500000,1.702182135089519e0,5.612310047970396e7,1.122462009606163e0,1.122462009594079e0,1.122461997006959e0,1.113793876310328e0
49.000000,1.702182135090522e0,5.612310048325340e7,1.122462009606132e0,1.122462009665068e0,1.122461997006894e0,1.113793876378136e0
49.500000,1.702182135079198e0,5.612310045864115e7,1.122462009606154e0,1.122462009172823e0,1.122461997006924e0,1.113793875905461e0
50.000000,1.702182135091137e0,5.612310048272682e7,1.122462009606157e0,1.122462009654536e0,1.122461997006948e0,1.113793876368403e0
50.500000,1.702182135088306e0,5.612310047692727e7,1.122462009606157e0,1.122462009538546e0,1.122461997006944e0,1.113793876257347e0
51.000000,1.702182135089347e0,5.612310048008617e7,1.122462009606157e0,1.122462009601723e0,1.122461997006948e0,1.113793876317428e0
51.500000,1.702182135090216e0,5.612310048090211e7,1.122462009606156e0,1.122462009618042e0,1.122461997006946e0,1.113793876333380e0
52.000000,1.702182135079330e0,5.612310046045079e7,1.122462009606160e0,1.122462009209016e0,1.122461997006955e0,1.113793875943604e0
52.500000,1.702182135086924e0,5.612310047438248e7,1.122462009606158e0,1.122462009487650e0,1.122461997006951e0,1.113793876208594e0
53.000000,1.702182135088537e0,5.612310047801512e7,1.122462009606157e0,1.122462009560302e0,1.122461997006948e0,1.113793876277885e0
53.500000,1.702182135090268e0,5.612310048059570e7,1.122462009606157e0,1.122462009611914e0,1.122461997006950e0,1.113793876327542e0
54.000000,1.702182135089790e0,5.612310048037662e7,1.122462009606157e0,1.122462009607532e0,1.122461997006948e0,1.113793876323252e0
54.500000,1.702182135087888e0,5.612310047899572e7,1.122462009606156e0,1.122462009579914e0,1.122461997006941e0,1.113793876296052e0
55.000000,1.702182135090122e0,5.612310048096600e7,1.122462009606157e0,1.122462009619320e0,1.122461997006948e0,1.113793876334648e0
55.500000,1.702182135094154e0,5.612310048950074e7,1.122462009606156e0,1.122462009790015e0,1.122461997006945e0,1.113793876498070e0
56.000000,1.702182135093264e0,5.612310048794451e7,1.122462009606156e0,1.122462009758890e0,1.122461997006947e0,1.113793876468022e0
56.500000,1.702182135092378e0,5.612310048675033e7,1.122462009606156e0,1.122462009735007e0,1.122461997006946e0,1.113793876444529e0
57.000000,1.702182135088720e0,5.612310047773811e7,1.122462009606156e0,1.122462009554762e0,1.122461997006947e0,1.113793876272960e0
57.500000,1.702182135088580e0,5.612310047765548e7,1.122462009606156e0,1.122462009553109e0,1.122461997006947e0,1.113793876271149e0
58.000000,1.702182135089799e0,5.612310048036824e7,1.122462009606156e0,1.122462009607365e0,1.122461997006947e0,1.113793876323097e0
58.500000,1.702182135089584e0,5.612310047993610e7,1.122462009606156e0,1.122462009598722e0,1.122461997006947e0,1.113793876314771e0
59.000000,1.702182135089173e0,5.612310047894590e7,1.122462009606156e0,1.122462009578918e0,1.122461997006946e0,1.113793876295906e0
59.500000,1.702182135089711e0,5.612310048016147e7,1.122462009606156e0,1.122462009603229e0,1.122461997006946e0,1.113793876319150e0
60.000000,1.702182135089816e0,5.612310048040598e7,1.122462009606156e0,1.122462009608120e0,1.122461997006952e0,1.113793876323884e0
60.500000,1.702182135089621e0,5.612310047987688e7,1.122462009606155e0,1.122462009597538e0,1.122461997006927e0,1.113793876313701e0
61.000000,1.702182135089600e0,5.612310048009528e7,1.122462009606159e0,1.122462009601906e0,1.122461997006951e0,1.113793876317787e0
61.500000,1.702182135090316e0,5.612310048089487e7,1.122462009606156e0,1.122462009617897e0,1.122461997006949e0,1.113793876333281e0
62.000000,1.702182135091827e0,5.612310048465021e7,1.122462009606156e0,1.122462009693004e0,1.122461997006919e0,1.113793876409979e0
62.500000,1.702182135088378e0,5.612310047267248e7,1.122462009606160e0,1.122462009453450e0,1.122461997006988e0,1.113793876188204e0
63.000000,1.702182135094658e0,5.612310048711137e7,1.122462009606156e0,1.122462009742227e0,1.122461997006947e0,1.113793876449100e0
63.500000,1.702182135091062e0,5.612310048019265e7,1.122462009606157e0,1.122462009603853e0,1.122461997006950e0,1.113793876322408e0
64.000000,1.702182135087917e0,5.612310047264461e7,1.122462009606157e0,1.122462009452892e0,1.122461997006946e0,1.113793876187165e0
64.500000,1.702182135089930e0,5.612310047992864e7,1.122462009606156e0,1.122462009598573e0,1.122461997006947e0,1.113793876315763e0
65.000000,1.702182135087982e0,5.612310047889160e7,1.122462009606156e0,1.122462009577832e0,1.122461997006943e0,1.113793876294201e0
65.500000,1.702182135089669e0,5.612310048029498e7,1.122462009606157e0,1.122462009605900e0,1.122461997006947e0,1.113793876321643e0
66.000000,1.702182135089713e0,5.612310048041471e7,1.122462009606156e0,1.122462009608294e0,1.122461997006947e0,1.113793876323765e0
66.500000,1.702182135089721e0,5.612310047996786e7,1.122462009606157e0,1.122462009599357e0,1.122461997006948e0,1.113793876315735e0
67.000000,1.702182135089558e0,5.612310047750416e7,1.122462009606156e0,1.122462009550083e0,1.122461997006948e0,1.113793876271882e0
67.500000,1.702182135089893e0,5.612310048134127e7,1.122462009606156e0,1.122462009626825e0,1.122461997006945e0,1.113793876340093e0
68.000000,1.702182135089759e0,5.612310048037484e7,1.122462009606157e0,1.122462009607497e0,1.122461997006947e0,1.113793876322924e0
68.500000,1.702182135089816e0,5.612310048053139e7,1.122462009606156e0,1.122462009610628e0,1.122461997006947e0,1.113793876326012e0
69.000000,1.702182135089760e0,5.612310048030607e7,1.122462009606156e0,1.122462009606122e0,1.122461997006947e0,1.113793876321908e0
69.500000,1.702182135089781e0,5.612310048032907e7,1.122462009606156e0,1.122462009606582e0,1.122461997006946e0,1.113793876322323e0
70.000000,1.702182135089713e0,5.612310048012516e7,1.122462009606156e0,1.122462009602503e0,1.122461997006947e0,1.113793876318532e0
70.500000,1.702182135089675e0,5.612310048004850e7,1.122462009606156e0,1.122462009600970e0,1.122461997006947e0,1.113793876317105e0
71.000000,1.702182135089712e0,5.612310048039430e7,1.122462009606156e0,1.122462009607886e0,1.122461997006946e0,1.113793876323211e0
71.500000,1.702182135090879e0,5.612310048114435e7,1.122462009606156e0,1.122462009622887e0,1.122461997006945e0,1.113793876340820e0
72.000000,1.702182135089938e0,5.612310048028272e7,1.122462009606157e0,1.122462009605654e0,1.122461997006947e0,1.113793876321652e0
72.500000,1.702182135090355e0,5.612310048051389e7,1.122462009606157e0,1.122462009610278e0,1.122461997006948e0,1.113793876326405e0
73.000000,1.702182135089945e0,5.612310047983410e7,1.122462009606157e0,1.122462009596682e0,1.122461997006948e0,1.113793876313317e0
73.500000,1.702182135089039e0,5.612310047876366e7,1.122462009606157e0,1.122462009575273e0,1.122461997006947e0,1.113793876292345e0
74.000000,1.702182135089533e0,5.612310048017824e7,1.122462009606157e0,1.122462009603565e0,1.122461997006947e0,1.113793876319268e0
74.500000,1.702182135090196e0,5.612310048116075e7,1.122462009606157e0,1.122462009623215e0,1.122461997006947e0,1.113793876338503e0
75.000000,1.702182135089486e0,5.612310047952297e7,1.122462009606156e0,1.122462009590459e0,1.122461997006947e0,1.113793876307162e0
75.500000,1.702182135090414e0,5.612310048187558e7,1.122462009606156e0,1.122462009637512e0,1.122461997006947e0,1.113793876351850e0
76.000000,1.702182135091684e0,5.612310048517032e7,1.122462009606157e0,1.122462009703406e0,1.122461997006947e0,1.113793876415043e0
76.500000,1.702182135089456e0,5.612310047966044e7,1.122462009606157e0,1.122462009593209e0,1.122461997006947e0,1.113793876309392e0
77.000000,1.702182135088980e0,5.612310047859661e7,1.122462009606157e0,1.122462009571932e0,1.122461997006947e0,1.113793876289155e0
77.500000,1.702182135090616e0,5.612310048218320e7,1.122462009606156e0,1.122462009643664e0,1.122461997006947e0,1.113793876357821e0
78.000000,1.702182135089697e0,5.612310048007696e7,1.122462009606156e0,1.122462009601539e0,1.122461997006947e0,1.113793876317547e0
78.500000,1.702182135090865e0,5.612310048284206e7,1.122462009606156e0,1.122462009656841e0,1.122461997006947e0,1.113793876370305e0
79.000000,1.702182135089796e0,5.612310048034648e7,1.122462009606156e0,1.122462009606930e0,1.122461997006947e0,1.113793876322679e0
79.500000,1.702182135089767e0,5.612310048029473e7,1.122462009606156e0,1.122462009605895e0,1.122461997006947e0,1.113793876321695e0
80.000000,1.702182135088367e0,5.612310047711065e7,1.122462009606157e0,1.122462009542213e0,1.122461997006947e0,1.113793876261025e0
80.500000,1.702182135089185e0,5.612310047898927e7,1.122462009606157e0,1.122462009579785e0,1.122461997006947e0,1.113793876296817e0
81.000000,1.702182135091628e0,5.612310048420975e7,1.122462009606157e0,1.122462009684195e0,1.122461997006947e0,1.113793876396967e0
81.500000,1.702182135090616e0,5.612310048207207e7,1.122462009606156e0,1.122462009641441e0,1.122461997006947e0,1.113793876355859e0
82.000000,1.702182135090330e0,5.612310048172741e7,1.122462009606156e0,1.122462009634548e0,1.122461997006947e0,1.113793876348890e0
82.500000,1.702182135089633e0,5.612310048005405e7,1.122462009606157e0,1.122462009601081e0,1.122461997006947e0,1.113793876317084e0
83.000000,1.702182135089771e0,5.612310048063807e7,1.122462009606158e0,1.122462009612762e0,1.122461997006945e0,1.113793876327862e0
83.500000,1.702182135089609e0,5.612310047981995e7,1.122462009606158e0,1.122462009596399e0,1.122461997006952e0,1.113793876312797e0
84.000000,1.702182135085207e0,5.612310047123460e7,1.122462009606157e0,1.122462009424692e0,1.122461997006960e0,1.113793876148224e0
84.500000,1.702182135090012e0,5.612310048092294e7,1.122462009606156e0,1.122462009618459e0,1.122461997006947e0,1.113793876333668e0
85.000000,1.702182135090072e0,5.612310048109021e7,1.122462009606157e0,1.122462009621804e0,1.122461997006946e0,1.113793876336863e0
85.500000,1.702182135089487e0,5.612310047987776e7,1.122462009606157e0,1.122462009597555e0,1.122461997006948e0,1.113793876313604e0
86.000000,1.702182135089369e0,5.612310047966102e7,1.122462009606156e0,1.122462009593220e0,1.122461997006944e0,1.113793876309461e0
86.500000,1.702182135088346e0,5.612310047679472e7,1.122462009606156e0,1.122462009535894e0,1.122461997006947e0,1.113793876254908e0
87.000000,1.702182135089728e0,5.612310048024038e7,1.122462009606157e0,1.122462009604808e0,1.122461997006947e0,1.113793876320638e0
87.500000,1.702182135089734e0,5.612310048053008e7,1.122462009606156e0,1.122462009610602e0,1.122461997006944e0,1.113793876326131e0
88.000000,1.702182135090032e0,5.612310048066792e7,1.122462009606157e0,1.122462009613358e0,1.122461997006949e0,1.113793876328915e0
88.500000,1.702182135089797e0,5.612310048036768e7,1.122462009606156e0,1.122462009607354e0,1.122461997006947e0,1.113793876323103e0
89.000000,1.702182135089924e0,5.612310048088887e7,1.122462009606156e0,1.122462009617778e0,1.122461997006942e0,1.113793876333061e0
89.500000,1.702182135088824e0,5.612310047705631e7,1.122462009606156e0,1.122462009541126e0,1.122461997006946e0,1.113793876260170e0
90.000000,1.702182135091949e0,5.612310048487666e7,1.122462009606156e0,1.122462009697533e0,1.122461997006944e0,1.113793876409605e0
90.500000,1.702182135088633e0,5.612310047296885e7,1.122462009606156e0,1.122462009459377e0,1.122461997006951e0,1.113793876183699e0
91.000000,1.702182135090299e0,5.612310048109233e7,1.122462009606156e0,1.122462009621847e0,1.122461997006947e0,1.113793876337106e0
91.500000,1.702182135088969e0,5.612310047952205e7,1.122462009606157e0,1.122462009590441e0,1.122461997006943e0,1.113793876306640e0
92.000000,1.702182135089669e0,5.612310048032775e7,1.122462009606157e0,1.122462009606555e0,1.122461997006951e0,1.113793876322083e0
92.500000,1.702182135088429e0,5.612310047821952e7,1.122462009606156e0,1.122462009564390e0,1.122461997006947e0,1.113793876281574e0
93.000000,1.702182135089997e0,5.612310048064823e7,1.122462009606156e0,1.122462009612964e0,1.122461997006947e0,1.113793876328532e0
93.500000,1.702182135111123e0,5.612310051013899e7,1.122462009606138e0,1.122462010202780e0,1.122461997006771e0,1.113793876900936e0
94.000000,1.702182135089138e0,5.612310047964053e7,1.122462009606165e0,1.122462009592811e0,1.122461997007004e0,1.113793876308463e0
94.500000,1.702182135091126e0,5.612310048455578e7,1.122462009606147e0,1.122462009691116e0,1.122461997006955e0,1.113793876402420e0
95.000000,1.702182135084259e0,5.612310047177488e7,1.122462009606150e0,1.122462009435498e0,1.122461997006911e0,1.113793876156089e0
95.500000,1.702182135092567e0,5.612310048352538e7,1.122462009606154e0,1.122462009670508e0,1.122461997006936e0,1.113793876384629e0
96.000000,1.702182135085318e0,5.612310047504440e7,1.122462009606159e0,1.122462009500888e0,1.122461997006991e0,1.113793876219895e0
96.500000,1.702182135089575e0,5.612310047945929e7,1.122462009606156e0,1.122462009589186e0,1.122461997006954e0,1.113793876305511e0
97.000000,1.702182135089942e0,5.612310048033982e7,1.122462009606157e0,1.122462009606796e0,1.122461997006948e0,1.113793876322612e0
97.500000,1.702182135087639e0,5.612310047932048e7,1.122462009606159e0,1.122462009586410e0,1.122461997006967e0,1.113793876302124e0
98.000000,1.702182135088900e0,5.612310048005634e7,1.122462009606156e0,1.122462009601127e0,1.122461997006934e0,1.113793876316909e0
98.500000,1.702182135081898e0,5.612310047569300e7,1.122462009606162e0,1.122462009513860e0,1.122461997006957e0,1.113793876231002e0
99.000000,1.702182135096586e0,5.612310048781031e7,1.122462009606150e0,1.122462009756206e0,1.122461997006887e0,1.113793876468588e0
99.500000,1.702182135089338e0,5.612310048170457e7,1.122462009606158e0,1.122462009634091e0,1.122461997006912e0,1.113793876349422e0
100.000000,1.702182135090082e0,5.612310048343499e7,1.122462009606151e0,1.122462009668700e0,1.122461997006859e0,1.113793876382589e0
100.500000,1.702182135088874e0,5.612310047863872e7,1.122462009606161e0,1.122462009572774e0,1.122461997006988e0,1.113793876289389e0
101.000000,1.702182135099744e0,5.612310048719264e7,1.122462009606163e0,1.122462009743853e0,1.122461997007034e0,1.113793876457165e0
101.500000,1.702182135084823e0,5.612310047640742e7,1.122462009606154e0,1.122462009528148e0,1.122461997006917e0,1.113793876245415e0
102.000000,1.702182135090484e0,5.612310048059389e7,1.122462009606158e0,1.122462009611878e0,1.122461997006964e0,1.113793876327629e0
102.500000,1.702182135106441e0,5.612310049534079e7,1.122462009606158e0,1.122462009906816e0,1.122461997006976e0,1.113793876616207e0
103.000000,1.702182135085357e0,5.612310047635328e7,1.122462009606156e0,1.122462009527066e0,1.122461997006940e0,1.113793876244511e0
103.500000,1.702182135088711e0,5.612310047931401e7,1.122462009606156e0,1.122462009586280e0,1.122461997006945e0,1.113793876302505e0
104.000000,1.702182135117522e0,5.612310050496089e7,1.122462009606159e0,1.122462010099218e0,1.122461997006994e0,1.113793876804934e0
104.500000,1.702182135094263e0,5.612310048421466e7,1.122462009606157e0,1.122462009684293e0,1.122461997006954e0,1.113793876398525e0
105.000000,1.702182135094591e0,5.612310048413455e7,1.122462009606157e0,1.122462009682691e0,1.122461997006955e0,1.113793876397051e0
105.500000,1.702182135091852e0,5.612310048216929e7,1.122462009606157e0,1.122462009643386e0,1.122461997006950e0,1.113793876358394e0
106.000000,1.702182135091034e0,5.612310048146334e7,1.122462009606157e0,1.122462009629267e0,1.122461997006949e0,1.113793876344565e0
106.500000,1.702182135088441e0,5.612310047913039e7,1.122462009606156e0,1.122462009582608e0,1.122461997006945e0,1.113793876298860e0
107.000000,1.702182135086768e0,5.612310047794467e7,1.122462009606156e0,1.122462009558894e0,1.122461997006941e0,1.113793876275441e0
107.500000,1.702182135118951e0,5.612310050725854e7,1.122462009606159e0,1.122462010145171e0,1.122461997006993e0,1.113793876849271e0
108.000000,1.702182135090228e0,5.612310048080911e7,1.122462009606157e0,1.122462009616182e0,1.122461997006949e0,1.113793876331688e0
108.500000,1.702182135073440e0,5.612310046608944e7,1.122462009606155e0,1.122462009321789e0,1.122461997006920e0,1.113793876042893e0
109.000000,1.702182135087584e0,5.612310047859836e7,1.122462009606156e0,1.122462009571967e0,1.122461997006941e0,1.113793876288281e0
109.500000,1.702182135094073e0,5.612310048505073e7,1.122462009606157e0,1.122462009701015e0,1.122461997006953e0,1.113793876414238e0
110.000000,1.702182135069430e0,5.612310046013330e7,1.122462009606154e0,1.122462009202666e0,1.122461997006914e0,1.113793875928181e0
110.500000,1.702182135087344e0,5.612310047720904e7,1.122462009606156e0,1.122462009544181e0,1.122461997006945e0,1.113793876261920e0
111.000000,1.702182135090346e0,5.612310048030084e7,1.122462009606157e0,1.122462009606017e0,1.122461997006948e0,1.113793876322264e0
111.500000,1.702182135090029e0,5.612310047938171e7,1.122462009606157e0,1.122462009587634e0,1.122461997006949e0,1.113793876304706e0
112.000000,1.702182135091024e0,5.612310048272476e7,1.122462009606147e0,1.122462009654495e0,1.122461997006909e0,1.113793876368345e0
112.500000,1.702182135089235e0,5.612310047892327e7,1.122462009606155e0,1.122462009578465e0,1.122461997006935e0,1.113793876296006e0
113.000000,1.702182135089973e0,5.612310048107687e7,1.122462009606157e0,1.122462009621537e0,1.122461997006947e0,1.113793876336067e0
113.500000,1.702182135089396e0,5.612310047847006e7,1.122462009606157e0,1.122462009569401e0,1.122461997006948e0,1.113793876287721e0
114.000000,1.702182135089713e0,5.612310048026404e7,1.122462009606157e0,1.122462009605281e0,1.122461997006948e0,1.113793876321068e0
114.500000,1.702182135083130e0,5.612310047562145e7,1.122462009606149e0,1.122462009512429e0,1.122461997006941e0,1.113793876227290e0
115.000000,1.702182135089097e0,5.612310047980634e7,1.122462009606155e0,1.122462009596127e0,1.122461997006933e0,1.113793876312361e0
115.500000,1.702182135085806e0,5.612310047762322e7,1.122462009606158e0,1.122462009552464e0,1.122461997006956e0,1.113793876269558e0
116.000000,1.702182135091207e0,5.612310048225327e7,1.122462009606157e0,1.122462009645065e0,1.122461997006951e0,1.113793876359088e0
116.500000,1.702182135083573e0,5.612310047369785e7,1.122462009606156e0,1.122462009473957e0,1.122461997006936e0,1.113793876193068e0
117.000000,1.702182135089069e0,5.612310047966691e7,1.122462009606156e0,1.122462009593338e0,1.122461997006944e0,1.113793876309478e0
117.500000,1.702182135090708e0,5.612310047902928e7,1.122462009606156e0,1.122462009580586e0,1.122461997006952e0,1.113793876298524e0
118.000000,1.702182135092718e0,5.612310048254750e7,1.122462009606157e0,1.122462009650950e0,1.122461997006959e0,1.113793876366019e0
118.500000,1.702182135089817e0,5.612310048133254e7,1.122462009606156e0,1.122462009626651e0,1.122461997006943e0,1.113793876341241e0
119.000000,1.702182135090080e0,5.612310048111568e7,1.122462009606156e0,1.122462009622314e0,1.122461997006947e0,1.113793876337096e0
119.500000,1.702182135089650e0,5.612310048065025e7,1.122462009606156e0,1.122462009613005e0,1.122461997006946e0,1.113793876328139e0
120.000000,1.702182135089957e0,5.612310048014280e7,1.122462009606156e0,1.122462009602856e0,1.122461997006948e0,1.113793876319399e0
120.500000,1.702182135085841e0,5.612310048107795e7,1.122462009606153e0,1.122462009621559e0,1.122461997006912e0,1.113793876325568e0
121.000000,1.702182135089728e0,5.612310048024008e7,1.122462009606152e0,1.122462009604802e0,1.122461997006934e0,1.113793876320615e0
121.500000,1.702182135089680e0,5.612310047946410e7,1.122462009606154e0,1.122462009589282e0,1.122461997006942e0,1.113793876306931e0
122.000000,1.702182135089660e0,5.612310048005997e7,1.122462009606156e0,1.122462009601199e0,1.122461997006943e0,1.113793876317215e0
122.500000,1.702182135088741e0,5.612310047874387e7,1.122462009606157e0,1.122462009574877e0,1.122461997006949e0,1.113793876290420e0
123.000000,1.702182135088600e0,5.612310047708602e7,1.122462009606156e0,1.122462009541720e0,1.122461997006946e0,1.113793876261007e0
123.500000,1.702182135089837e0,5.612310048045800e7,1.122462009606156e0,1.122462009609160e0,1.122461997006947e0,1.113793876324807e0
124.000000,1.702182135090481e0,5.612310048193429e7,1.122462009606157e0,1.122462009638686e0,1.122461997006951e0,1.113793876352901e0
124.500000,1.702182135089719e0,5.612310048023801e7,1.122462009606157e0,1.122462009604760e0,1.122461997006947e0,1.113793876320602e0
125.000000,1.702182135089964e0,5.612310048073322e7,1.122462009606156e0,1.122462009614664e0,1.122461997006947e0,1.113793876330101e0
125.500000,1.702182135088949e0,5.612310047833718e7,1.122462009606156e0,1.122462009566743e0,1.122461997006948e0,1.113793876284091e0
126.000000,1.702182135091217e0,5.612310048377942e7,1.122462009606156e0,1.122462009675588e0,1.122461997006944e0,1.113793876388369e0
126.500000,1.702182135090014e0,5.612310048093688e7,1.122462009606156e0,1.122462009618738e0,1.122461997006946e0,1.113793876333860e0
127.000000,1.702182135087851e0,5.612310047522512e7,1.122462009606157e0,1.122462009504502e0,1.122461997006951e0,1.113793876225214e0
127.500000,1.702182135092470e0,5.612310048735319e7,1.122462009606156e0,1.122462009747064e0,1.122461997006945e0,1.113793876455559e0
128.000000,1.702182135089665e0,5.612310047991895e7,1.122462009606156e0,1.122462009598379e0,1.122461997006946e0,1.113793876314572e0
128.500000,1.702182135089507e0,5.612310047969937e7,1.122462009606156e0,1.122462009593987e0,1.122461997006947e0,1.113793876310336e0
129.000000,1.702182135090067e0,5.612310048183607e7,1.122462009606157e0,1.122462009636721e0,1.122461997006948e0,1.113793876350914e0
129.500000,1.702182135090556e0,5.612310048229192e7,1.122462009606157e0,1.122462009645838e0,1.122461997006948e0,1.113793876359796e0
130.000000,1.702182135090232e0,5.612310048080443e7,1.122462009606154e0,1.122462009616089e0,1.122461997006949e0,1.113793876331812e0
130.500000,1.702182135089661e0,5.612310048017633e7,1.122462009606155e0,1.122462009603527e0,1.122461997006942e0,1.113793876320416e0
131.000000,1.702182135089819e0,5.612310048074339e7,1.122462009606155e0,1.122462009614868e0,1.122461997006943e0,1.113793876329615e0
131.500000,1.702182135089792e0,5.612310048039965e7,1.122462009606156e0,1.122462009607993e0,1.122461997006944e0,1.113793876323457e0
132.000000,1.702182135090250e0,5.612310047993191e7,1.122462009606157e0,1.122462009598638e0,1.122461997006947e0,1.113793876313510e0
132.500000,1.702182135089310e0,5.612310047893760e7,1.122462009606156e0,1.122462009578752e0,1.122461997006947e0,1.113793876295897e0
133.000000,1.702182135088418e0,5.612310047952398e7,1.122462009606157e0,1.122462009590480e0,1.122461997006948e0,1.113793876305868e0
133.500000,1.702182135091131e0,5.612310048975883e7,1.122462009606155e0,1.122462009795177e0,1.122461997006937e0,1.113793876494282e0
134.000000,1.702182135096908e0,5.612310048826487e7,1.122462009606157e0,1.122462009765298e0,1.122461997006959e0,1.113793876475298e0
134.500000,1.702182135083493e0,5.612310047328427e7,1.122462009606157e0,1.122462009465685e0,1.122461997006939e0,1.113793876186456e0
135.000000,1.702182135089209e0,5.612310047842333e7,1.122462009606157e0,1.122462009568467e0,1.122461997006950e0,1.113793876286727e0
135.500000,1.702182135088058e0,5.612310047981461e7,1.122462009606156e0,1.122462009596292e0,1.122461997006942e0,1.113793876310933e0
136.000000,1.702182135090090e0,5.612310048062608e7,1.122462009606157e0,1.122462009612522e0,1.122461997006948e0,1.113793876328135e0
136.500000,1.702182135090698e0,5.612310048159580e7,1.122462009606157e0,1.122462009631916e0,1.122461997006948e0,1.113793876346612e0
137.000000,1.702182135089393e0,5.612310047980895e7,1.122462009606157e0,1.122462009596179e0,1.122461997006947e0,1.113793876312358e0
137.500000,1.702182135089764e0,5.612310048030275e7,1.122462009606157e0,1.122462009606055e0,1.122461997006947e0,1.113793876321839e0
138.000000,1.702182135089865e0,5.612310048034433e7,1.122462009606158e0,1.122462009606887e0,1.122461997006949e0,1.113793876322712e0
138.500000,1.702182135089987e0,5.612310047965705e7,1.122462009606159e0,1.122462009593141e0,1.122461997006952e0,1.113793876310222e0
139.000000,1.702182135089797e0,5.612310048072988e7,1.122462009606157e0,1.122462009614598e0,1.122461997006950e0,1.113793876329707e0
139.500000,1.702182135089837e0,5.612310047950029e7,1.122462009606157e0,1.122462009590006e0,1.122461997006948e0,1.113793876307183e0
140.000000,1.702182135089173e0,5.612310047954889e7,1.122462009606156e0,1.122462009590978e0,1.122461997006944e0,1.113793876307357e0
140.500000,1.702182135091158e0,5.612310048256616e7,1.122462009606157e0,1.122462009651323e0,1.122461997006948e0,1.113793876364931e0
141.000000,1.702182135089137e0,5.612310047891841e7,1.122462009606156e0,1.122462009578368e0,1.122461997006946e0,1.113793876295756e0
141.500000,1.702182135091067e0,5.612310048134187e7,1.122462009606157e0,1.122462009626837e0,1.122461997006948e0,1.113793876342468e0
142.000000,1.702182135091086e0,5.612310048125210e7,1.122462009606157e0,1.122462009625042e0,1.122461997006950e0,1.113793876337459e0
142.500000,1.702182135089091e0,5.612310048057878e7,1.122462009606157e0,1.122462009611576e0,1.122461997006945e0,1.113793876326146e0
143.000000,1.702182135089278e0,5.612310047976657e7,1.122462009606157e0,1.122462009595331e0,1.122461997006947e0,1.113793876311412e0
143.500000,1.702182135092017e0,5.612310048243098e7,1.122462009606155e0,1.122462009648620e0,1.122461997006952e0,1.113793876363350e0
144.000000,1.702182135076259e0,5.612310045983251e7,1.122462009606156e0,1.122462009196650e0,1.122461997006923e0,1.113793875926671e0
144.500000,1.702182135097882e0,5.612310048638272e7,1.122462009606159e0,1.122462009727654e0,1.122461997006962e0,1.113793876442057e0
145.000000,1.702182135089100e0,5.612310047965365e7,1.122462009606157e0,1.122462009593073e0,1.122461997006948e0,1.113793876309161e0
145.500000,1.702182135089575e0,5.612310048056423e7,1.122462009606156e0,1.122462009611285e0,1.122461997006947e0,1.113793876326618e0
146.000000,1.702182135089741e0,5.612310048105322e7,1.122462009606157e0,1.122462009621064e0,1.122461997006948e0,1.113793876335909e0
146.500000,1.702182135090546e0,5.612310048028234e7,1.122462009606157e0,1.122462009605647e0,1.122461997006949e0,1.113793876322001e0
147.000000,1.702182135088385e0,5.612310047704117e7,1.122462009606157e0,1.122462009540823e0,1.122461997006950e0,1.113793876259541e0
147.500000,1.702182135090431e0,5.612310048161245e7,1.122462009606157e0,1.122462009632249e0,1.122461997006949e0,1.113793876346935e0
148.000000,1.702182135090527e0,5.612310048188152e7,1.122462009606157e0,1.122462009637631e0,1.122461997006948e0,1.113793876352062e0
148.500000,1.702182135090943e0,5.612310048289780e7,1.122462009606156e0,1.122462009657956e0,1.122461997006947e0,1.113793876371461e0
149.000000,1.702182135090213e0,5.612310048142648e7,1.122462009606156e0,1.122462009628530e0,1.122461997006946e0,1.113793876343283e0
149.500000,1.702182135092534e0,5.612310048454816e7,1.122462009606157e0,1.122462009690963e0,1.122461997006949e0,1.113793876403602e0
150.000000,1.702182135089851e0,5.612310048070712e7,1.122462009606157e0,1.122462009614142e0,1.122461997006947e0,1.113793876329504e0
150.500000,1.702182135089774e0,5.612310048035102e7,1.122462009606157e0,1.122462009607021e0,1.122461997006947e0,1.113793876322756e0
151.000000,1.702182135089783e0,5.612310048030919e7,1.122462009606157e0,1.122462009606184e0,1.122461997006947e0,1.113793876321975e0
151.500000,1.702182135089450e0,5.612310047986564e7,1.122462009606153e0,1.122462009597313e0,1.122461997006944e0,1.113793876313410e0
152.000000,1.702182135092401e0,5.612310048102986e7,1.122462009606152e0,1.122462009620597e0,1.122461997006940e0,1.113793876337408e0
152.500000,1.702182135090767e0,5.612310048225913e7,1.122462009606154e0,1.122462009645183e0,1.122461997006940e0,1.113793876359349e0
153.000000,1.702182135086884e0,5.612310047326966e7,1.122462009606156e0,1.122462009465393e0,1.122461997006945e0,1.113793876187601e0
153.500000,1.702182135091017e0,5.612310048294109e7,1.122462009606156e0,1.122462009658822e0,1.122461997006946e0,1.113793876372330e0
154.000000,1.702182135089533e0,5.612310047973701e7,1.122462009606156e0,1.122462009594740e0,1.122461997006946e0,1.113793876311040e0
154.500000,1.702182135089271e0,5.612310048021947e7,1.122462009606156e0,1.122462009604389e0,1.122461997006946e0,1.113793876319934e0
155.000000,1.702182135089886e0,5.612310048087306e7,1.122462009606156e0,1.122462009617461e0,1.122461997006946e0,1.113793876332652e0
155.500000,1.702182135091240e0,5.612310048111261e7,1.122462009606156e0,1.122462009622252e0,1.122461997006948e0,1.113793876338111e0
156.000000,1.702182135089157e0,5.612310047895208e7,1.122462009606157e0,1.122462009579042e0,1.122461997006947e0,1.113793876295999e0
156.500000,1.702182135089482e0,5.612310047934117e7,1.122462009606157e0,1.122462009586823e0,1.122461997006947e0,1.113793876303550e0
157.000000,1.702182135093870e0,5.612310048780938e7,1.122462009606157e0,1.122462009756188e0,1.122461997006950e0,1.113793876465822e0
157.500000,1.702182135092762e0,5.612310048736086e7,1.122462009606156e0,1.122462009747217e0,1.122461997006946e0,1.113793876456570e0
158.000000,1.702182135089861e0,5.612310048047369e7,1.122462009606156e0,1.122462009609474e0,1.122461997006947e0,1.113793876325130e0
158.500000,1.702182135089721e0,5.612310048027824e7,1.122462009606156e0,1.122462009605565e0,1.122461997006947e0,1.113793876321352e0
159.000000,1.702182135088486e0,5.612310047721113e7,1.122462009606156e0,1.122462009544223e0,1.122461997006947e0,1.113793876262819e0
159.500000,1.702182135089522e0,5.612310047969034e7,1.122462009606157e0,1.122462009593807e0,1.122461997006947e0,1.113793876310166e0
160.000000,1.702182135088484e0,5.612310047737090e7,1.122462009606157e0,1.122462009547418e0,1.122461997006947e0,1.113793876265827e0
160.500000,1.702182135091461e0,5.612310048414981e7,1.122462009606156e0,1.122462009682996e0,1.122461997006947e0,1.113793876395362e0
161.000000,1.702182135088128e0,5.612310047656839e7,1.122462009606156e0,1.122462009531368e0,1.122461997006946e0,1.113793876250472e0
161.500000,1.702182135089750e0,5.612310048025401e7,1.122462009606156e0,1.122462009605080e0,1.122461997006946e0,1.113793876320915e0
162.000000,1.702182135089683e0,5.612310048010243e7,1.122462009606156e0,1.122462009602049e0,1.122461997006946e0,1.113793876318018e0
162.500000,1.702182135078048e0,5.612310045364539e7,1.122462009606156e0,1.122462009072908e0,1.122461997006946e0,1.113793875812361e0
163.000000,1.702182135088475e0,5.612310047736123e7,1.122462009606156e0,1.122462009547225e0,1.122461997006946e0,1.113793876265627e0
163.500000,1.702182135091299e0,5.612310048378567e7,1.122462009606156e0,1.122462009675713e0,1.122461997006947e0,1.113793876388416e0
164.000000,1.702182135089928e0,5.612310048065118e7,1.122462009606157e0,1.122462009613024e0,1.122461997006947e0,1.113793876328508e0
164.500000,1.702182135089128e0,5.612310047883772e7,1.122462009606157e0,1.122462009576754e0,1.122461997006947e0,1.113793876293847e0
165.000000,1.702182135089791e0,5.612310048034732e7,1.122462009606157e0,1.122462009606946e0,1.122461997006947e0,1.113793876322698e0
165.500000,1.702182135089773e0,5.612310048030920e7,1.122462009606156e0,1.122462009606184e0,1.122461997006947e0,1.113793876321967e0
166.000000,1.702182135089537e0,5.612310047968590e7,1.122462009606157e0,1.122462009593718e0,1.122461997006950e0,1.113793876310226e0
166.500000,1.702182135089862e0,5.612310048059428e7,1.122462009606159e0,1.122462009611886e0,1.122461997006952e0,1.113793876327031e0
167.000000,1.702182135089592e0,5.612310047988204e7,1.122462009606159e0,1.122462009597641e0,1.122461997006948e0,1.113793876313899e0
167.500000,1.702182135090080e0,5.612310048058678e7,1.122462009606159e0,1.122462009611736e0,1.122461997006948e0,1.113793876327243e0
168.000000,1.702182135090141e0,5.612310047680207e7,1.122462009606157e0,1.122462009536042e0,1.122461997006946e0,1.113793876256675e0
168.500000,1.702182135088040e0,5.612310047712258e7,1.122462009606155e0,1.122462009542452e0,1.122461997006957e0,1.113793876261684e0
169.000000,1.702182135089230e0,5.612310047840952e7,1.122462009606155e0,1.122462009568191e0,1.122461997006938e0,1.113793876285811e0
169.500000,1.702182135089183e0,5.612310047957481e7,1.122462009606156e0,1.122462009591496e0,1.122461997006940e0,1.113793876307859e0
170.000000,1.702182135088811e0,5.612310047384212e7,1.122462009606156e0,1.122462009476842e0,1.122461997006959e0,1.113793876199867e0
170.500000,1.702182135089309e0,5.612310047826871e7,1.122462009606155e0,1.122462009565374e0,1.122461997006936e0,1.113793876283385e0
171.000000,1.702182135089475e0,5.612310047965422e7,1.122462009606157e0,1.122462009593084e0,1.122461997006952e0,1.113793876309396e0
171.500000,1.702182135097235e0,5.612310050341730e7,1.122462009606155e0,1.122462010068346e0,1.122461997006929e0,1.113793876762722e0
172.000000,1.702182135089073e0,5.612310047939264e7,1.122462009606156e0,1.122462009587853e0,1.122461997006944e0,1.113793876304315e0
172.500000,1.702182135089852e0,5.612310047973411e7,1.122462009606157e0,1.122462009594682e0,1.122461997006949e0,1.113793876311164e0
173.000000,1.702182135085864e0,5.612310047743823e7,1.122462009606156e0,1.122462009548765e0,1.122461997006936e0,1.113793876265370e0
173.500000,1.702182135089984e0,5.612310048150551e7,1.122462009606156e0,1.122462009630110e0,1.122461997006946e0,1.113793876344618e0
174.000000,1.702182135085993e0,5.612310047243392e7,1.122462009606156e0,1.122462009448679e0,1.122461997006946e0,1.113793876171237e0
174.500000,1.702182135087970e0,5.612310047626607e7,1.122462009606156e0,1.122462009525321e0,1.122461997006947e0,1.113793876244689e0
175.000000,1.702182135089874e0,5.612310048051099e7,1.122462009606156e0,1.122462009610220e0,1.122461997006947e0,1.113793876325836e0
175.500000,1.702182135089762e0,5.612310048027093e7,1.122462009606156e0,1.122462009605419e0,1.122461997006946e0,1.113793876321242e0
176.000000,1.702182135089475e0,5.612310047962782e7,1.122462009606156e0,1.122462009592556e0,1.122461997006947e0,1.113793876308949e0
176.500000,1.702182135085131e0,5.612310046974567e7,1.122462009606156e0,1.122462009394913e0,1.122461997006947e0,1.113793876120089e0
177.000000,1.702182135091552e0,5.612310048435212e7,1.122462009606156e0,1.122462009687042e0,1.122461997006947e0,1.113793876399236e0
177.500000,1.702182135081245e0,5.612310046090907e7,1.122462009606156e0,1.122462009218181e0,1.122461997006946e0,1.113793875951210e0
178.000000,1.702182135089622e0,5.612310047996075e7,1.122462009606156e0,1.122462009599215e0,1.122461997006947e0,1.113793876315311e0
178.500000,1.702182135090285e0,5.612310048146764e7,1.122462009606156e0,1.122462009629353e0,1.122461997006947e0,1.113793876344110e0
179.000000,1.702182135089843e0,5.612310048046528e7,1.122462009606156e0,1.122462009609306e0,1.122461997006947e0,1.113793876324954e0
179.500000,1.702182135089783e0,5.612310048033153e7,1.122462009606156e0,1.122462009606631e0,1.122461997006947e0,1.113793876322390e0
180.000000,1.702182135089393e0,5.612310047943813e7,1.122462009606156e0,1.122462009588763e0,1.122461997006946e0,1.113793876305342e0
180.500000,1.702182135090013e0,5.612310048085031e7,1.122462009606156e0,1.122462009617006e0,1.122461997006946e0,1.113793876332313e0
181.000000,1.702182135089705e0,5.612310048015255e7,1.122462009606156e0,1.122462009603051e0,1.122461997006947e0,1.113793876318976e0
181.500000,1.702182135090084e0,5.612310048100401e7,1.122462009606156e0,1.122462009620080e0,1.122461997006946e0,1.113793876335262e0
182.000000,1.702182135089601e0,5.612310047991566e7,1.122462009606157e0,1.122462009598313e0,1.122461997006947e0,1.113793876314455e0
182.500000,1.702182135088644e0,5.612310047776757e7,1.122462009606157e0,1.122462009555351e0,1.122461997006949e0,1.113793876273374e0
183.000000,1.702182135089445e0,5.612310047953533e7,1.122462009606156e0,1.122462009590707e0,1.122461997006945e0,1.113793876307190e0
183.500000,1.702182135089918e0,5.612310048071632e7,1.122462009606157e0,1.122462009614326e0,1.122461997006946e0,1.113793876329615e0
184.000000,1.702182135089665e0,5.612310047998105e7,1.122462009606157e0,1.122462009599621e0,1.122461997006947e0,1.113793876315735e0
184.500000,1.702182135089752e0,5.612310048025236e7,1.122462009606157e0,1.122462009605047e0,1.122461997006947e0,1.113793876320888e0
185.000000,1.702182135089761e0,5.612310048027699e7,1.122462009606157e0,1.122462009605540e0,1.122461997006947e0,1.113793876321354e0
185.500000,1.702182135089944e0,5.612310048069441e7,1.122462009606157e0,1.122462009613888e0,1.122461997006947e0,1.113793876329333e0
186.000000,1.702182135089766e0,5.612310048028854e7,1.122462009606157e0,1.122462009605771e0,1.122461997006947e0,1.113793876321576e0
186.500000,1.702182135088717e0,5.612310047788814e7,1.122462009606157e0,1.122462009557763e0,1.122461997006947e0,1.113793876275735e0
187.000000,1.702182135090354e0,5.612310048163008e7,1.122462009606157e0,1.122462009632602e0,1.122461997006948e0,1.113793876347209e0
187.500000,1.702182135089740e0,5.612310048020615e7,1.122462009606157e0,1.122462009604123e0,1.122461997006948e0,1.113793876320051e0
188.000000,1.702182135090328e0,5.612310048148732e7,1.122462009606157e0,1.122462009629746e0,1.122461997006947e0,1.113793876344486e0
188.500000,1.702182135090219e0,5.612310048132659e7,1.122462009606157e0,1.122462009626532e0,1.122461997006947e0,1.113793876341448e0
189.000000,1.702182135089655e0,5.612310048007073e7,1.122462009606157e0,1.122462009601415e0,1.122461997006947e0,1.113793876317253e0
189.500000,1.702182135089262e0,5.612310047841885e7,1.122462009606157e0,1.122462009568377e0,1.122461997006948e0,1.113793876287348e0
190.000000,1.702182135089902e0,5.612310048064233e7,1.122462009606156e0,1.122462009612847e0,1.122461997006945e0,1.113793876328596e0
190.500000,1.702182135087585e0,5.612310047502727e7,1.122462009606157e0,1.122462009500546e0,1.122461997006948e0,1.113793876221542e0
191.000000,1.702182135087749e0,5.612310047604885e7,1.122462009606157e0,1.122462009520977e0,1.122461997006946e0,1.113793876240317e0
191.500000,1.702182135090743e0,5.612310048247074e7,1.122462009606156e0,1.122462009649415e0,1.122461997006947e0,1.113793876363393e0
192.000000,1.702182135090746e0,5.612310048238191e7,1.122462009606156e0,1.122462009647638e0,1.122461997006947e0,1.113793876361691e0
192.500000,1.702182135089836e0,5.612310048045960e7,1.122462009606156e0,1.122462009609192e0,1.122461997006946e0,1.113793876324871e0
193.000000,1.702182135089681e0,5.612310048010071e7,1.122462009606156e0,1.122462009602014e0,1.122461997006946e0,1.113793876317970e0
193.500000,1.702182135089706e0,5.612310048015399e7,1.122462009606156e0,1.122462009603080e0,1.122461997006946e0,1.113793876319005e0
194.000000,1.702182135089709e0,5.612310048021700e7,1.122462009606157e0,1.122462009604340e0,1.122461997006947e0,1.113793876320165e0
194.500000,1.702182135088609e0,5.612310047779960e7,1.122462009606156e0,1.122462009555992e0,1.122461997006948e0,1.113793876274367e0
195.000000,1.702182135089520e0,5.612310047952782e7,1.122462009606157e0,1.122462009590556e0,1.122461997006946e0,1.113793876307217e0
195.500000,1.702182135090171e0,5.612310048138963e7,1.122462009606157e0,1.122462009627793e0,1.122461997006947e0,1.113793876341816e0
196.000000,1.702182135089862e0,5.612310048056634e7,1.122462009606156e0,1.122462009611327e0,1.122461997006947e0,1.113793876326887e0
196.500000,1.702182135086300e0,5.612310047216143e7,1.122462009606157e0,1.122462009443228e0,1.122461997006947e0,1.113793876166416e0
197.000000,1.702182135080661e0,5.612310045947824e7,1.122462009606157e0,1.122462009189565e0,1.122461997006946e0,1.113793875923945e0
197.500000,1.702182135089761e0,5.612310048021587e7,1.122462009606157e0,1.122462009604317e0,1.122461997006948e0,1.113793876320190e0
198.000000,1.702182135091462e0,5.612310048373821e7,1.122462009606156e0,1.122462009674764e0,1.122461997006946e0,1.113793876387596e0
198.500000,1.702182135087750e0,5.612310047579334e7,1.122462009606156e0,1.122462009515867e0,1.122461997006944e0,1.113793876235675e0
199.000000,1.702182135091728e0,5.612310048478933e7,1.122462009606156e0,1.122462009695786e0,1.122461997006946e0,1.113793876407582e0
199.500000,1.702182135089547e0,5.612310047971322e7,1.122462009606156e0,1.122462009594265e0,1.122461997006946e0,1.113793876310603e0
200.000000,1.702182135089837e0,5.612310048045012e7,1.122462009606156e0,1.122462009609002e0,1.122461997006947e0,1.113793876324665e0
