t,force_x,force_ref,diff
0.000,0.000166424620,0.000166473808,-4.919e-8
0.100,-0.038282594856,-0.038282636553,4.170e-8
0.200,-0.108183806950,-0.108184248209,4.413e-7
0.300,-0.178067868131,-0.178068995476,1.127e-6
0.400,-0.247923789590,-0.247924551368,7.618e-7
0.500,-0.317740594823,-0.317740708590,1.138e-7
0.600,-0.387507323727,-0.387506633997,-6.897e-7
0.700,-0.457213036049,-0.457211524248,-1.512e-6
0.800,-0.526846813566,-0.526844084263,-2.729e-6
0.900,-0.596397763503,-0.596393764019,-3.999e-6
1.000,-0.665855021696,-0.665849626064,-5.396e-6
